04/18/2014 13:19:14;hsjfj@fdf.sf;
04/18/2014 13:19:18;hsjfj@fdf.sf;
04/18/2014 13:19:22;hsjfj@fdf.sf;
04/18/2014 13:19:27;hsjfj@fdf.sf;
04/18/2014 13:19:31;hsjfj@fdf.sf;
04/18/2014 13:20:12;hsjfj@fdf.sf;
04/18/2014 14:19:10;hhh@jjj.com;
04/18/2014 18:30:01;dsd@df.dd;
04/18/2014 19:23:17;ddd@ff.cc;
04/18/2014 22:06:54;hjgdvfj@fdf.dd;
04/18/2014 23:34:25;hh@fdf.dff;
04/21/2014 01:21:29;hgjhfv@dfgd.sdd;
04/21/2014 01:21:31;hgjhfv@dfgd.sdd;
04/21/2014 01:21:36;hgjhfv@dfgd.sdd;
04/21/2014 01:21:39;hgjhfv@dfgd.sdd;
04/21/2014 01:22:39;hgjhfv@dfgd.sdd;
04/21/2014 01:22:51;hgjhfv@dfgd.sdd;
04/21/2014 01:23:40;hjgjh@sdfs.ddd;
04/21/2014 01:23:42;hjgjh@sdfs.ddd;
04/21/2014 01:23:55;hjgjh@sdfs.ddd;
04/21/2014 01:24:33;hjgjh@sdfs.ddd;
04/21/2014 01:24:38;hjgjh@sdfs.ddd;
04/21/2014 01:24:53;hjgjh@sdfs.dddh;
04/21/2014 01:24:57;hjgjh@sdfs.dddh;
04/21/2014 01:25:04;dfdd@sdfs.dddh;
04/21/2014 01:26:10;dfdd@sdfs.dddh;
04/21/2014 01:26:13;dfdd@sdfs.dddh;
04/21/2014 01:26:14;dfdd@sdfs.dddh;
04/21/2014 01:26:32;dfdd@sdfs.dddh;
04/21/2014 01:26:38;dgjhfdd@sdfs.dddh;
04/21/2014 01:27:44;dgjhfdd@sdfs.dddh;
04/21/2014 01:27:46;dgjhfdd@sdfs.dddh;
04/21/2014 01:28:47;hgcs@fgf.rtrt;
04/21/2014 01:28:50;hgcs@fgf.rtrt;
04/21/2014 01:28:51;hgcs@fgf.rtrt;
04/21/2014 01:29:42;hgcs@fgf.rtrt;
04/21/2014 01:30:53;hsd@sd.ddd;
04/21/2014 01:33:37;hjh@kk.ddd;
04/21/2014 01:33:37;hjh@kk.ddd;
04/21/2014 01:34:08;hjh@kk.ddd;
04/21/2014 01:34:11;hjh@kk.ddd;
04/21/2014 01:34:15;hjh@kk.ddd;
04/21/2014 01:34:26;hjh@kk.ddd;
04/21/2014 01:42:45;hjh@kk.ddd;
04/21/2014 19:46:11;hghj@hj.hhh;
04/21/2014 19:47:44;hghg@ggg.sss;
04/21/2014 19:48:27;hghg@ggg.sss;
04/21/2014 19:49:43;hghg@ggg.sss;
04/21/2014 19:58:58;ghg@dss.dddd;
04/21/2014 19:59:00;ghg@dss.dddd;
04/21/2014 20:11:14;hjh@fdfdf.dfd;
04/21/2014 20:11:17;hjh@fdfdf.dfd;
04/21/2014 20:11:29;hjh@fdfdf.dfd;
04/21/2014 20:11:38;hjh@fdfdf.dfd;
04/21/2014 20:12:17;hjh@fdfdf.dfd;
04/21/2014 20:12:20;hjh@fdfdf.dfd;
04/21/2014 20:12:21;hjh@fdfdf.dfd;
04/21/2014 20:12:24;hjh@fdfdf.dfd;
04/21/2014 20:12:45;xxxx@ffff.ddd;
04/21/2014 20:12:57;xxxx@ffff.ddd;
04/21/2014 20:13:00;xxxx@ffff.ddd;
04/21/2014 20:13:03;xxxx@ffff.ddd;
04/21/2014 20:14:11;xxxx@ffff.ddd;
04/21/2014 20:14:13;xxxx@ffff.ddd;
04/21/2014 20:14:39;xxxx@ffff.ddd;
04/21/2014 20:15:44;xxxx@ffff.ddd;
04/21/2014 20:15:46;xxxx@ffff.ddd;
04/21/2014 20:16:31;xxxx@ffff.ddd;
04/21/2014 20:17:14;xxxx@ffff.ddd;
04/21/2014 20:20:49;hhjhj@fsdfs.sdsd;
04/21/2014 20:21:00;hhjhj@fsdfs.sdsd;
04/21/2014 20:37:01;hhjhj@fsdfs.sdsd;
04/21/2014 20:37:51;hhjhj@fsdfs.sdsd;
04/21/2014 20:38:08;hhjhj@fsdfs.sdsd;
04/21/2014 20:40:18;hhjhj@fsdfs.sdsd;
04/21/2014 21:00:43;hhjhj@fsdfs.sdsd;
04/21/2014 21:00:47;hhjhj@fsdfs.sdsd;
04/21/2014 21:01:04;hhjhj@fsdfs.sdsdsfsfsdfsdfsdfsdfsdf;
04/21/2014 21:02:03;hhjhj@fsdfs.sdsdsfsfsdfsdfsdfsdfsdf;
04/21/2014 21:28:25;sdfsf@ddf.sds;
04/21/2014 21:33:20;sdfsf@ddf.sds;
04/21/2014 21:39:17;sdfsf@ddf.sds;
04/21/2014 21:41:20;sdfsf@ddf.sds;
04/24/2014 22:42:13;sjhdsj@fdff.ddd;
04/24/2014 23:26:53;fdfdf@fdf.fff;
